"","strategy_rep","timepoint","genome_location","mutation","wt_mut","mut_op","wt_op","wt_ID"
"3131",3416,0,6,32,3,"<h_divide_remote>","<nop_x>","p6; <nop_x>"
"3132",3416,0,7,32,10,"<h_divide_remote>","<swap>","p7; <swap>"
"3133",3416,0,8,32,3,"<h_divide_remote>","<nop_x>","p8; <nop_x>"
"3134",3416,0,9,32,3,"<h_divide_remote>","<nop_x>","p9; <nop_x>"
"3135",3416,0,10,32,3,"<h_divide_remote>","<nop_x>","p10; <nop_x>"
"3136",3416,0,11,32,3,"<h_divide_remote>","<nop_x>","p11; <nop_x>"
"3137",3416,0,12,32,3,"<h_divide_remote>","<nop_x>","p12; <nop_x>"
"3138",3416,0,13,32,34,"<h_divide_remote>","<if_germ>","p13; <if_germ>"
"3139",3416,0,14,32,3,"<h_divide_remote>","<nop_x>","p14; <nop_x>"
"3140",3416,0,15,32,3,"<h_divide_remote>","<nop_x>","p15; <nop_x>"
"3141",3416,0,16,32,3,"<h_divide_remote>","<nop_x>","p16; <nop_x>"
"3142",3416,0,17,32,22,"<h_divide_remote>","<h_alloc>","p17; <h_alloc>"
"3143",3416,0,18,32,3,"<h_divide_remote>","<nop_x>","p18; <nop_x>"
"3144",3416,0,19,32,27,"<h_divide_remote>","<donate_res_to_group>","p19; <donate_res_to_group>"
"3145",3416,0,20,32,3,"<h_divide_remote>","<nop_x>","p20; <nop_x>"
"3146",3416,0,21,32,3,"<h_divide_remote>","<nop_x>","p21; <nop_x>"
"3147",3416,0,22,32,3,"<h_divide_remote>","<nop_x>","p22; <nop_x>"
"3148",3416,0,23,32,20,"<h_divide_remote>","<rotate_ccw>","p23; <rotate_ccw>"
"3149",3416,0,24,32,25,"<h_divide_remote>","<fixed_input>","p24; <fixed_input>"
"3150",3416,0,25,32,25,"<h_divide_remote>","<fixed_input>","p25; <fixed_input>"
"3151",3416,0,29,32,7,"<h_divide_remote>","<nand>","p29; <nand>"
"3152",3416,0,30,32,26,"<h_divide_remote>","<output>","p30; <output>"
"3153",3416,0,31,32,27,"<h_divide_remote>","<donate_res_to_group>","p31; <donate_res_to_group>"
"3154",3416,0,32,32,3,"<h_divide_remote>","<nop_x>","p32; <nop_x>"
"3155",3416,0,33,32,3,"<h_divide_remote>","<nop_x>","p33; <nop_x>"
"3156",3416,0,34,32,3,"<h_divide_remote>","<nop_x>","p34; <nop_x>"
"3157",3416,0,35,32,3,"<h_divide_remote>","<nop_x>","p35; <nop_x>"
"3158",3416,0,36,32,3,"<h_divide_remote>","<nop_x>","p36; <nop_x>"
"3159",3416,0,37,32,3,"<h_divide_remote>","<nop_x>","p37; <nop_x>"
"3160",3416,0,38,32,3,"<h_divide_remote>","<nop_x>","p38; <nop_x>"
"3161",3416,0,39,32,3,"<h_divide_remote>","<nop_x>","p39; <nop_x>"
"3162",3416,0,40,32,3,"<h_divide_remote>","<nop_x>","p40; <nop_x>"
"3163",3416,0,41,32,3,"<h_divide_remote>","<nop_x>","p41; <nop_x>"
"3164",3416,0,42,32,3,"<h_divide_remote>","<nop_x>","p42; <nop_x>"
"3165",3416,0,43,32,5,"<h_divide_remote>","<if_label>","p43; <if_label>"
"3166",3416,0,45,32,3,"<h_divide_remote>","<nop_x>","p45; <nop_x>"
"3167",3416,0,46,32,3,"<h_divide_remote>","<nop_x>","p46; <nop_x>"
"3168",3416,0,47,32,14,"<h_divide_remote>","<tx_msg_check_task>","p47; <tx_msg_check_task>"
"3169",3416,0,48,32,3,"<h_divide_remote>","<nop_x>","p48; <nop_x>"
"3170",3416,0,49,32,3,"<h_divide_remote>","<nop_x>","p49; <nop_x>"
"3171",3416,0,50,32,17,"<h_divide_remote>","<bc_msg_check_task>","p50; <bc_msg_check_task>"
"3172",3416,0,51,32,3,"<h_divide_remote>","<nop_x>","p51; <nop_x>"
"3173",3416,0,52,32,7,"<h_divide_remote>","<nand>","p52; <nand>"
"3174",3416,0,53,32,34,"<h_divide_remote>","<if_germ>","p53; <if_germ>"
"3175",3416,0,54,32,3,"<h_divide_remote>","<nop_x>","p54; <nop_x>"
"3176",3416,0,55,32,3,"<h_divide_remote>","<nop_x>","p55; <nop_x>"
"3177",3416,0,56,32,3,"<h_divide_remote>","<nop_x>","p56; <nop_x>"
"3178",3416,0,57,32,3,"<h_divide_remote>","<nop_x>","p57; <nop_x>"
"3179",3416,0,58,32,3,"<h_divide_remote>","<nop_x>","p58; <nop_x>"
"3180",3416,0,59,32,3,"<h_divide_remote>","<nop_x>","p59; <nop_x>"
"3181",3416,0,60,32,3,"<h_divide_remote>","<nop_x>","p60; <nop_x>"
"3182",3416,0,61,32,3,"<h_divide_remote>","<nop_x>","p61; <nop_x>"
"3183",3416,0,62,32,3,"<h_divide_remote>","<nop_x>","p62; <nop_x>"
"3184",3416,0,63,32,3,"<h_divide_remote>","<nop_x>","p63; <nop_x>"
"3185",3416,0,64,32,3,"<h_divide_remote>","<nop_x>","p64; <nop_x>"
"3186",3416,0,65,32,37,"<h_divide_remote>","<if_res_less_than_thresh>","p65; <if_res_less_than_thresh>"
"3187",3416,0,66,4,3,"<mov_head>","<nop_x>","p66; <nop_x>"
"3188",3416,0,66,32,3,"<h_divide_remote>","<nop_x>","p66; <nop_x>"
"3189",3416,0,67,32,27,"<h_divide_remote>","<donate_res_to_group>","p67; <donate_res_to_group>"
"3190",3416,0,68,32,25,"<h_divide_remote>","<fixed_input>","p68; <fixed_input>"
"3191",3416,0,69,32,7,"<h_divide_remote>","<nand>","p69; <nand>"
"3192",3416,0,70,32,3,"<h_divide_remote>","<nop_x>","p70; <nop_x>"
"3193",3416,0,71,32,3,"<h_divide_remote>","<nop_x>","p71; <nop_x>"
"3194",3416,0,72,32,3,"<h_divide_remote>","<nop_x>","p72; <nop_x>"
"3195",3416,0,73,5,3,"<if_label>","<nop_x>","p73; <nop_x>"
"3196",3416,0,73,28,3,"<if_equal>","<nop_x>","p73; <nop_x>"
"3197",3416,0,73,32,3,"<h_divide_remote>","<nop_x>","p73; <nop_x>"
"3198",3416,0,73,35,3,"<if_soma>","<nop_x>","p73; <nop_x>"
"3199",3416,0,73,36,3,"<if_res_more_than_thresh>","<nop_x>","p73; <nop_x>"
"3200",3416,0,74,0,36,"<nop_a>","<if_res_more_than_thresh>","p74; <if_res_more_than_thresh>"
"3201",3416,0,74,1,36,"<nop_b>","<if_res_more_than_thresh>","p74; <if_res_more_than_thresh>"
"3202",3416,0,74,2,36,"<nop_c>","<if_res_more_than_thresh>","p74; <if_res_more_than_thresh>"
"3203",3416,0,74,3,36,"<nop_x>","<if_res_more_than_thresh>","p74; <if_res_more_than_thresh>"
"3204",3416,0,74,6,36,"<h_search>","<if_res_more_than_thresh>","p74; <if_res_more_than_thresh>"
"3205",3416,0,74,7,36,"<nand>","<if_res_more_than_thresh>","p74; <if_res_more_than_thresh>"
"3206",3416,0,74,8,36,"<push>","<if_res_more_than_thresh>","p74; <if_res_more_than_thresh>"
"3207",3416,0,74,9,36,"<pop>","<if_res_more_than_thresh>","p74; <if_res_more_than_thresh>"
"3208",3416,0,74,10,36,"<swap>","<if_res_more_than_thresh>","p74; <if_res_more_than_thresh>"
"3209",3416,0,74,11,36,"<inc>","<if_res_more_than_thresh>","p74; <if_res_more_than_thresh>"
"3210",3416,0,74,12,36,"<dec>","<if_res_more_than_thresh>","p74; <if_res_more_than_thresh>"
"3211",3416,0,74,13,36,"<tx_msg>","<if_res_more_than_thresh>","p74; <if_res_more_than_thresh>"
"3212",3416,0,74,14,36,"<tx_msg_check_task>","<if_res_more_than_thresh>","p74; <if_res_more_than_thresh>"
"3213",3416,0,74,15,36,"<rx_msg>","<if_res_more_than_thresh>","p74; <if_res_more_than_thresh>"
"3214",3416,0,74,16,36,"<bc_msg>","<if_res_more_than_thresh>","p74; <if_res_more_than_thresh>"
"3215",3416,0,74,17,36,"<bc_msg_check_task>","<if_res_more_than_thresh>","p74; <if_res_more_than_thresh>"
"3216",3416,0,74,18,36,"<rotate>","<if_res_more_than_thresh>","p74; <if_res_more_than_thresh>"
"3217",3416,0,74,19,36,"<rotate_cw>","<if_res_more_than_thresh>","p74; <if_res_more_than_thresh>"
"3218",3416,0,74,20,36,"<rotate_ccw>","<if_res_more_than_thresh>","p74; <if_res_more_than_thresh>"
"3219",3416,0,74,21,36,"<if_less>","<if_res_more_than_thresh>","p74; <if_res_more_than_thresh>"
"3220",3416,0,74,22,36,"<h_alloc>","<if_res_more_than_thresh>","p74; <if_res_more_than_thresh>"
"3221",3416,0,74,23,36,"<h_copy>","<if_res_more_than_thresh>","p74; <if_res_more_than_thresh>"
"3222",3416,0,74,25,36,"<fixed_input>","<if_res_more_than_thresh>","p74; <if_res_more_than_thresh>"
"3223",3416,0,74,26,36,"<output>","<if_res_more_than_thresh>","p74; <if_res_more_than_thresh>"
"3224",3416,0,74,27,36,"<donate_res_to_group>","<if_res_more_than_thresh>","p74; <if_res_more_than_thresh>"
"3225",3416,0,74,29,36,"<if_not_equal>","<if_res_more_than_thresh>","p74; <if_res_more_than_thresh>"
"3226",3416,0,74,31,36,"<is_neighbor>","<if_res_more_than_thresh>","p74; <if_res_more_than_thresh>"
"3227",3416,0,74,32,36,"<h_divide_remote>","<if_res_more_than_thresh>","p74; <if_res_more_than_thresh>"
"3228",3416,0,74,34,36,"<if_germ>","<if_res_more_than_thresh>","p74; <if_res_more_than_thresh>"
"3229",3416,0,76,32,3,"<h_divide_remote>","<nop_x>","p76; <nop_x>"
"3230",3416,0,77,32,3,"<h_divide_remote>","<nop_x>","p77; <nop_x>"
"3231",3416,0,78,32,14,"<h_divide_remote>","<tx_msg_check_task>","p78; <tx_msg_check_task>"
"3232",3416,0,79,5,3,"<if_label>","<nop_x>","p79; <nop_x>"
"3233",3416,0,79,28,3,"<if_equal>","<nop_x>","p79; <nop_x>"
"3234",3416,0,79,32,3,"<h_divide_remote>","<nop_x>","p79; <nop_x>"
"3235",3416,0,79,35,3,"<if_soma>","<nop_x>","p79; <nop_x>"
"3236",3416,0,79,36,3,"<if_res_more_than_thresh>","<nop_x>","p79; <nop_x>"
"3237",3416,0,80,0,24,"<nop_a>","<h_divide_local>","p80; <h_divide_local>"
"3238",3416,0,80,1,24,"<nop_b>","<h_divide_local>","p80; <h_divide_local>"
"3239",3416,0,80,2,24,"<nop_c>","<h_divide_local>","p80; <h_divide_local>"
"3240",3416,0,80,3,24,"<nop_x>","<h_divide_local>","p80; <h_divide_local>"
"3241",3416,0,80,5,24,"<if_label>","<h_divide_local>","p80; <h_divide_local>"
"3242",3416,0,80,6,24,"<h_search>","<h_divide_local>","p80; <h_divide_local>"
"3243",3416,0,80,7,24,"<nand>","<h_divide_local>","p80; <h_divide_local>"
"3244",3416,0,80,8,24,"<push>","<h_divide_local>","p80; <h_divide_local>"
"3245",3416,0,80,9,24,"<pop>","<h_divide_local>","p80; <h_divide_local>"
"3246",3416,0,80,10,24,"<swap>","<h_divide_local>","p80; <h_divide_local>"
"3247",3416,0,80,11,24,"<inc>","<h_divide_local>","p80; <h_divide_local>"
"3248",3416,0,80,12,24,"<dec>","<h_divide_local>","p80; <h_divide_local>"
"3249",3416,0,80,13,24,"<tx_msg>","<h_divide_local>","p80; <h_divide_local>"
"3250",3416,0,80,14,24,"<tx_msg_check_task>","<h_divide_local>","p80; <h_divide_local>"
"3251",3416,0,80,15,24,"<rx_msg>","<h_divide_local>","p80; <h_divide_local>"
"3252",3416,0,80,16,24,"<bc_msg>","<h_divide_local>","p80; <h_divide_local>"
"3253",3416,0,80,17,24,"<bc_msg_check_task>","<h_divide_local>","p80; <h_divide_local>"
"3254",3416,0,80,18,24,"<rotate>","<h_divide_local>","p80; <h_divide_local>"
"3255",3416,0,80,19,24,"<rotate_cw>","<h_divide_local>","p80; <h_divide_local>"
"3256",3416,0,80,20,24,"<rotate_ccw>","<h_divide_local>","p80; <h_divide_local>"
"3257",3416,0,80,21,24,"<if_less>","<h_divide_local>","p80; <h_divide_local>"
"3258",3416,0,80,22,24,"<h_alloc>","<h_divide_local>","p80; <h_divide_local>"
"3259",3416,0,80,23,24,"<h_copy>","<h_divide_local>","p80; <h_divide_local>"
"3260",3416,0,80,25,24,"<fixed_input>","<h_divide_local>","p80; <h_divide_local>"
"3261",3416,0,80,26,24,"<output>","<h_divide_local>","p80; <h_divide_local>"
"3262",3416,0,80,27,24,"<donate_res_to_group>","<h_divide_local>","p80; <h_divide_local>"
"3263",3416,0,80,28,24,"<if_equal>","<h_divide_local>","p80; <h_divide_local>"
"3264",3416,0,80,29,24,"<if_not_equal>","<h_divide_local>","p80; <h_divide_local>"
"3265",3416,0,80,31,24,"<is_neighbor>","<h_divide_local>","p80; <h_divide_local>"
"3266",3416,0,80,32,24,"<h_divide_remote>","<h_divide_local>","p80; <h_divide_local>"
"3267",3416,0,80,34,24,"<if_germ>","<h_divide_local>","p80; <h_divide_local>"
"3268",3416,0,80,35,24,"<if_soma>","<h_divide_local>","p80; <h_divide_local>"
"3269",3416,0,80,36,24,"<if_res_more_than_thresh>","<h_divide_local>","p80; <h_divide_local>"
"3270",3416,0,80,37,24,"<if_res_less_than_thresh>","<h_divide_local>","p80; <h_divide_local>"
"3271",3416,0,96,32,2,"<h_divide_remote>","<nop_c>","p96; <nop_c>"
"3272",3416,0,97,2,4,"<nop_c>","<mov_head>","p97; <mov_head>"
"9823",3416,1,5,32,18,"<h_divide_remote>","<rotate>","p5; <rotate>"
"9824",3416,1,6,32,2,"<h_divide_remote>","<nop_c>","p6; <nop_c>"
"9825",3416,1,7,32,10,"<h_divide_remote>","<swap>","p7; <swap>"
"9826",3416,1,10,32,11,"<h_divide_remote>","<inc>","p10; <inc>"
"9827",3416,1,11,5,37,"<if_label>","<if_res_less_than_thresh>","p11; <if_res_less_than_thresh>"
"9828",3416,1,11,28,37,"<if_equal>","<if_res_less_than_thresh>","p11; <if_res_less_than_thresh>"
"9829",3416,1,11,32,37,"<h_divide_remote>","<if_res_less_than_thresh>","p11; <if_res_less_than_thresh>"
"9830",3416,1,11,35,37,"<if_soma>","<if_res_less_than_thresh>","p11; <if_res_less_than_thresh>"
"9831",3416,1,12,0,24,"<nop_a>","<h_divide_local>","p12; <h_divide_local>"
"9832",3416,1,12,2,24,"<nop_c>","<h_divide_local>","p12; <h_divide_local>"
"9833",3416,1,12,3,24,"<nop_x>","<h_divide_local>","p12; <h_divide_local>"
"9834",3416,1,12,5,24,"<if_label>","<h_divide_local>","p12; <h_divide_local>"
"9835",3416,1,12,7,24,"<nand>","<h_divide_local>","p12; <h_divide_local>"
"9836",3416,1,12,8,24,"<push>","<h_divide_local>","p12; <h_divide_local>"
"9837",3416,1,12,9,24,"<pop>","<h_divide_local>","p12; <h_divide_local>"
"9838",3416,1,12,11,24,"<inc>","<h_divide_local>","p12; <h_divide_local>"
"9839",3416,1,12,12,24,"<dec>","<h_divide_local>","p12; <h_divide_local>"
"9840",3416,1,12,13,24,"<tx_msg>","<h_divide_local>","p12; <h_divide_local>"
"9841",3416,1,12,14,24,"<tx_msg_check_task>","<h_divide_local>","p12; <h_divide_local>"
"9842",3416,1,12,15,24,"<rx_msg>","<h_divide_local>","p12; <h_divide_local>"
"9843",3416,1,12,16,24,"<bc_msg>","<h_divide_local>","p12; <h_divide_local>"
"9844",3416,1,12,17,24,"<bc_msg_check_task>","<h_divide_local>","p12; <h_divide_local>"
"9845",3416,1,12,18,24,"<rotate>","<h_divide_local>","p12; <h_divide_local>"
"9846",3416,1,12,19,24,"<rotate_cw>","<h_divide_local>","p12; <h_divide_local>"
"9847",3416,1,12,20,24,"<rotate_ccw>","<h_divide_local>","p12; <h_divide_local>"
"9848",3416,1,12,21,24,"<if_less>","<h_divide_local>","p12; <h_divide_local>"
"9849",3416,1,12,22,24,"<h_alloc>","<h_divide_local>","p12; <h_divide_local>"
"9850",3416,1,12,23,24,"<h_copy>","<h_divide_local>","p12; <h_divide_local>"
"9851",3416,1,12,25,24,"<fixed_input>","<h_divide_local>","p12; <h_divide_local>"
"9852",3416,1,12,26,24,"<output>","<h_divide_local>","p12; <h_divide_local>"
"9853",3416,1,12,27,24,"<donate_res_to_group>","<h_divide_local>","p12; <h_divide_local>"
"9854",3416,1,12,28,24,"<if_equal>","<h_divide_local>","p12; <h_divide_local>"
"9855",3416,1,12,29,24,"<if_not_equal>","<h_divide_local>","p12; <h_divide_local>"
"9856",3416,1,12,31,24,"<is_neighbor>","<h_divide_local>","p12; <h_divide_local>"
"9857",3416,1,12,32,24,"<h_divide_remote>","<h_divide_local>","p12; <h_divide_local>"
"9858",3416,1,12,34,24,"<if_germ>","<h_divide_local>","p12; <h_divide_local>"
"9859",3416,1,12,35,24,"<if_soma>","<h_divide_local>","p12; <h_divide_local>"
"9860",3416,1,12,36,24,"<if_res_more_than_thresh>","<h_divide_local>","p12; <h_divide_local>"
"9861",3416,1,12,37,24,"<if_res_less_than_thresh>","<h_divide_local>","p12; <h_divide_local>"
"9862",3416,1,32,10,31,"<swap>","<is_neighbor>","p32; <is_neighbor>"
"9863",3416,1,33,2,22,"<nop_c>","<h_alloc>","p33; <h_alloc>"
"9864",3416,1,33,10,22,"<swap>","<h_alloc>","p33; <h_alloc>"
"9865",3416,1,36,30,17,"<jump_head>","<bc_msg_check_task>","p36; <bc_msg_check_task>"
"9866",3416,1,37,30,3,"<jump_head>","<nop_x>","p37; <nop_x>"
"9867",3416,1,38,30,24,"<jump_head>","<h_divide_local>","p38; <h_divide_local>"
"9868",3416,1,88,1,35,"<nop_b>","<if_soma>","p88; <if_soma>"
"9869",3416,1,88,4,35,"<mov_head>","<if_soma>","p88; <if_soma>"
"9870",3416,1,88,30,35,"<jump_head>","<if_soma>","p88; <if_soma>"
"9871",3416,1,89,1,14,"<nop_b>","<tx_msg_check_task>","p89; <tx_msg_check_task>"
"9872",3416,1,90,1,34,"<nop_b>","<if_germ>","p90; <if_germ>"
"9873",3416,1,90,4,34,"<mov_head>","<if_germ>","p90; <if_germ>"
"9874",3416,1,91,4,6,"<mov_head>","<h_search>","p91; <h_search>"
"9875",3416,1,91,21,6,"<if_less>","<h_search>","p91; <h_search>"
"9876",3416,1,95,32,35,"<h_divide_remote>","<if_soma>","p95; <if_soma>"
